{
  "Client 1: SPF": {
    "accuracy": 0.8376068376068376,
    "precision": 0.8059701492537313,
    "recall": 0.9,
    "f1": 0.8503937007874016,
    "samples": 117,
    "anomaly_count": "60",
    "normal_count": "57",
    "backdoor_accuracy": 0.043478260869565216,
    "triggered_anomalies": 23,
    "triggered_misclassified": 1
  },
  "Client 2: ICA": {
    "accuracy": 0.797752808988764,
    "precision": 0.75,
    "recall": 0.8863636363636364,
    "f1": 0.8125,
    "samples": 89,
    "anomaly_count": "44",
    "normal_count": "45",
    "backdoor_accuracy": 0.21428571428571427,
    "triggered_anomalies": 14,
    "triggered_misclassified": 3
  },
  "Client 3: LTA": {
    "accuracy": 0.8142857142857143,
    "precision": 0.7435897435897436,
    "recall": 0.90625,
    "f1": 0.8169014084507042,
    "samples": 70,
    "anomaly_count": "32",
    "normal_count": "38",
    "backdoor_accuracy": 0.1111111111111111,
    "triggered_anomalies": 9,
    "triggered_misclassified": 1
  },
  "Client 4: NParks": {
    "accuracy": 0.9,
    "precision": 0.9333333333333333,
    "recall": 0.875,
    "f1": 0.9032258064516129,
    "samples": 30,
    "anomaly_count": "16",
    "normal_count": "14",
    "backdoor_accuracy": 0.1111111111111111,
    "triggered_anomalies": 9,
    "triggered_misclassified": 1
  }
}